Production,CO2,NOx,PM2.5,SO2,NH3
Coal Boiler,93.6,0.584831157,0.584919141,2.010072308,0
Fuel Oil Boiler,79.2,0.36,0.123428571,0.02304,0
Natural Gas,54,0.30064465,0.003492117,0.002412,0
Wood/Biomass Boiler,19,0.756,0.1332,0.003055556,0
Hydrogen-Natural Gas Boiler,43.2,0.375805812,0.003492117,0.002412,0
Hydrogen Boiler,0,0.073851182,0,0,0
